city_name,w,lambda,mean_total_time,std_total_time,mean_similarity_time,std_similarity_time
WinterGraden_FL,25,8.0,0.0131,0.0002,0.0001,0.0
WinterGraden_FL,25,16.0,0.0134,0.0,0.0001,0.0
WinterGraden_FL,25,32.0,0.0135,0.0,0.0002,0.0
WinterGraden_FL,25,64.0,0.0135,0.0,0.0003,0.0
WinterGraden_FL,25,inf,0.0094,0.0001,0.0094,0.0001
WinterGraden_FL,50,8.0,0.0132,0.0,0.0001,0.0
WinterGraden_FL,50,16.0,0.0131,0.0,0.0001,0.0
WinterGraden_FL,50,32.0,0.0132,0.0,0.0002,0.0
WinterGraden_FL,50,64.0,0.0136,0.0,0.0003,0.0
WinterGraden_FL,50,inf,0.0091,0.0,0.0091,0.0
NewBrunswick_NJ,25,8.0,0.0648,0.0014,0.0001,0.0
NewBrunswick_NJ,25,16.0,0.0642,0.0002,0.0001,0.0
NewBrunswick_NJ,25,32.0,0.0642,0.0003,0.0002,0.0
NewBrunswick_NJ,25,64.0,0.0646,0.0003,0.0004,0.0
NewBrunswick_NJ,25,inf,0.0381,0.0001,0.0381,0.0001
NewBrunswick_NJ,50,8.0,0.066,0.0002,0.0001,0.0
NewBrunswick_NJ,50,16.0,0.0636,0.0009,0.0001,0.0
NewBrunswick_NJ,50,32.0,0.065,0.0001,0.0002,0.0
NewBrunswick_NJ,50,64.0,0.0639,0.0,0.0003,0.0
NewBrunswick_NJ,50,inf,0.0352,0.0,0.0352,0.0
KansasCity_MO,25,8.0,0.2242,0.0003,0.0001,0.0
KansasCity_MO,25,16.0,0.2218,0.0013,0.0001,0.0
KansasCity_MO,25,32.0,0.2257,0.0034,0.0002,0.0
KansasCity_MO,25,64.0,0.2213,0.0007,0.0004,0.0
KansasCity_MO,25,inf,0.1224,0.0001,0.1223,0.0001
KansasCity_MO,50,8.0,0.2241,0.0005,0.0001,0.0
KansasCity_MO,50,16.0,0.2287,0.0011,0.0001,0.0
KansasCity_MO,50,32.0,0.2243,0.0044,0.0002,0.0
KansasCity_MO,50,64.0,0.2275,0.0039,0.0003,0.0
KansasCity_MO,50,inf,0.122,0.0004,0.1219,0.0004
Edinburg_TX,25,8.0,0.0197,0.0,0.0001,0.0
Edinburg_TX,25,16.0,0.0193,0.0002,0.0001,0.0
Edinburg_TX,25,32.0,0.0205,0.0,0.0002,0.0
Edinburg_TX,25,64.0,0.02,0.0,0.0003,0.0
Edinburg_TX,25,inf,0.0119,0.0,0.0119,0.0
Edinburg_TX,50,8.0,0.0194,0.0001,0.0001,0.0
Edinburg_TX,50,16.0,0.0196,0.0001,0.0001,0.0
Edinburg_TX,50,32.0,0.0189,0.0001,0.0002,0.0
Edinburg_TX,50,64.0,0.0201,0.0001,0.0003,0.0
Edinburg_TX,50,inf,0.0117,0.0001,0.0117,0.0001
ElPaso_TX,25,8.0,0.1154,0.0005,0.0001,0.0
ElPaso_TX,25,16.0,0.11,0.0003,0.0001,0.0
ElPaso_TX,25,32.0,0.1097,0.0005,0.0002,0.0
ElPaso_TX,25,64.0,0.1117,0.0003,0.0003,0.0
ElPaso_TX,25,inf,0.0617,0.0,0.0617,0.0
ElPaso_TX,50,8.0,0.1159,0.0004,0.0001,0.0
ElPaso_TX,50,16.0,0.1101,0.0003,0.0001,0.0
ElPaso_TX,50,32.0,0.1121,0.0002,0.0002,0.0
ElPaso_TX,50,64.0,0.1102,0.0003,0.0003,0.0
ElPaso_TX,50,inf,0.0581,0.0001,0.0581,0.0001
Indio_CA,25,8.0,0.0249,0.0001,0.0001,0.0
Indio_CA,25,16.0,0.0248,0.0002,0.0001,0.0
Indio_CA,25,32.0,0.0261,0.0002,0.0002,0.0
Indio_CA,25,64.0,0.0254,0.0001,0.0003,0.0
Indio_CA,25,inf,0.016,0.0001,0.0159,0.0001
Indio_CA,50,8.0,0.0246,0.0003,0.0001,0.0
Indio_CA,50,16.0,0.0247,0.0003,0.0001,0.0
Indio_CA,50,32.0,0.0249,0.0,0.0002,0.0
Indio_CA,50,64.0,0.0251,0.0001,0.0003,0.0
Indio_CA,50,inf,0.0155,0.0001,0.0155,0.0001
Tacoma_WA,25,8.0,0.0798,0.0001,0.0001,0.0
Tacoma_WA,25,16.0,0.0787,0.0001,0.0001,0.0
Tacoma_WA,25,32.0,0.082,0.0001,0.0002,0.0
Tacoma_WA,25,64.0,0.0792,0.0003,0.0004,0.0
Tacoma_WA,25,inf,0.0475,0.0003,0.0474,0.0003
Tacoma_WA,50,8.0,0.0794,0.0001,0.0001,0.0
Tacoma_WA,50,16.0,0.0816,0.0004,0.0001,0.0
Tacoma_WA,50,32.0,0.0817,0.0004,0.0002,0.0
Tacoma_WA,50,64.0,0.0804,0.0003,0.0004,0.0
Tacoma_WA,50,inf,0.0471,0.0003,0.0471,0.0003
Milwaukee_WI,25,8.0,0.0,0.0,0.0,0.0
Milwaukee_WI,25,16.0,0.0,0.0,0.0,0.0
Milwaukee_WI,25,32.0,0.0,0.0,0.0,0.0
Milwaukee_WI,25,64.0,0.0,0.0,0.0,0.0
Milwaukee_WI,25,inf,0.0,0.0,0.0,0.0
Milwaukee_WI,50,8.0,0.0,0.0,0.0,0.0
Milwaukee_WI,50,16.0,0.0,0.0,0.0,0.0
Milwaukee_WI,50,32.0,0.0,0.0,0.0,0.0
Milwaukee_WI,50,64.0,0.0,0.0,0.0,0.0
Milwaukee_WI,50,inf,0.0,0.0,0.0,0.0
Columbus_GA,25,8.0,0.05,0.0004,0.0001,0.0
Columbus_GA,25,16.0,0.0481,0.0004,0.0001,0.0
Columbus_GA,25,32.0,0.0474,0.0003,0.0002,0.0
Columbus_GA,25,64.0,0.0497,0.0002,0.0004,0.0
Columbus_GA,25,inf,0.031,0.0001,0.0309,0.0001
Columbus_GA,50,8.0,0.0486,0.0006,0.0001,0.0
Columbus_GA,50,16.0,0.0482,0.0002,0.0001,0.0
Columbus_GA,50,32.0,0.0493,0.0003,0.0002,0.0
Columbus_GA,50,64.0,0.0488,0.0004,0.0004,0.0
Columbus_GA,50,inf,0.0305,0.0002,0.0305,0.0002
Greensboro_NC,25,8.0,0.1802,0.0005,0.0001,0.0
Greensboro_NC,25,16.0,0.1779,0.0012,0.0001,0.0
Greensboro_NC,25,32.0,0.1807,0.0008,0.0002,0.0
Greensboro_NC,25,64.0,0.1805,0.0003,0.0004,0.0
Greensboro_NC,25,inf,0.0813,0.0006,0.0812,0.0006
Greensboro_NC,50,8.0,0.1862,0.0004,0.0001,0.0
Greensboro_NC,50,16.0,0.1786,0.0034,0.0001,0.0
Greensboro_NC,50,32.0,0.1781,0.0003,0.0002,0.0
Greensboro_NC,50,64.0,0.1848,0.001,0.0003,0.0
Greensboro_NC,50,inf,0.0819,0.0005,0.0819,0.0005
Macon_GA,25,8.0,0.0294,0.0002,0.0001,0.0
Macon_GA,25,16.0,0.0291,0.0001,0.0001,0.0
Macon_GA,25,32.0,0.0285,0.0001,0.0002,0.0
Macon_GA,25,64.0,0.0294,0.0001,0.0004,0.0
Macon_GA,25,inf,0.0186,0.0001,0.0185,0.0001
Macon_GA,50,8.0,0.0285,0.0003,0.0001,0.0
Macon_GA,50,16.0,0.0284,0.0003,0.0001,0.0
Macon_GA,50,32.0,0.0287,0.0,0.0002,0.0
Macon_GA,50,64.0,0.0289,0.0,0.0003,0.0
Macon_GA,50,inf,0.0181,0.0,0.0181,0.0
SantaBarbara_CA,25,8.0,0.0688,0.0019,0.0001,0.0
SantaBarbara_CA,25,16.0,0.0696,0.0001,0.0001,0.0
SantaBarbara_CA,25,32.0,0.0689,0.0005,0.0002,0.0
SantaBarbara_CA,25,64.0,0.0672,0.0001,0.0004,0.0
SantaBarbara_CA,25,inf,0.0432,0.0001,0.0432,0.0001
SantaBarbara_CA,50,8.0,0.0699,0.0001,0.0001,0.0
SantaBarbara_CA,50,16.0,0.0691,0.0,0.0001,0.0
SantaBarbara_CA,50,32.0,0.0668,0.0001,0.0002,0.0
SantaBarbara_CA,50,64.0,0.0669,0.0001,0.0004,0.0
SantaBarbara_CA,50,inf,0.0409,0.0001,0.0408,0.0001
Louisville_KY,25,8.0,0.0895,0.0,0.0001,0.0
Louisville_KY,25,16.0,0.0851,0.0002,0.0001,0.0
Louisville_KY,25,32.0,0.0866,0.0002,0.0002,0.0
Louisville_KY,25,64.0,0.0867,0.0001,0.0003,0.0
Louisville_KY,25,inf,0.0453,0.0001,0.0452,0.0001
Louisville_KY,50,8.0,0.0894,0.0001,0.0001,0.0
Louisville_KY,50,16.0,0.0877,0.0013,0.0001,0.0
Louisville_KY,50,32.0,0.0863,0.0001,0.0002,0.0
Louisville_KY,50,64.0,0.0866,0.0001,0.0003,0.0
Louisville_KY,50,inf,0.041,0.0001,0.0409,0.0001
Seattle_WA,25,8.0,0.1228,0.0001,0.0001,0.0
Seattle_WA,25,16.0,0.1179,0.0001,0.0001,0.0
Seattle_WA,25,32.0,0.1186,0.0002,0.0002,0.0
Seattle_WA,25,64.0,0.1172,0.0001,0.0004,0.0
Seattle_WA,25,inf,0.0669,0.0001,0.0669,0.0001
Seattle_WA,50,8.0,0.1176,0.0001,0.0001,0.0
Seattle_WA,50,16.0,0.1162,0.0002,0.0001,0.0
Seattle_WA,50,32.0,0.1225,0.0002,0.0002,0.0
Seattle_WA,50,64.0,0.1175,0.0008,0.0004,0.0
Seattle_WA,50,inf,0.0661,0.0001,0.0661,0.0001
Lincoln_NE,25,8.0,0.0711,0.0003,0.0001,0.0
Lincoln_NE,25,16.0,0.0711,0.0001,0.0001,0.0
Lincoln_NE,25,32.0,0.0704,0.0002,0.0002,0.0
Lincoln_NE,25,64.0,0.0706,0.0001,0.0004,0.0
Lincoln_NE,25,inf,0.0451,0.0001,0.0451,0.0001
Lincoln_NE,50,8.0,0.0744,0.0001,0.0001,0.0
Lincoln_NE,50,16.0,0.0705,0.0002,0.0001,0.0
Lincoln_NE,50,32.0,0.0724,0.0012,0.0002,0.0
Lincoln_NE,50,64.0,0.0706,0.0001,0.0004,0.0
Lincoln_NE,50,inf,0.0448,0.0001,0.0448,0.0001
Pleasanton_CA,25,8.0,0.0211,0.0003,0.0001,0.0
Pleasanton_CA,25,16.0,0.0212,0.0,0.0001,0.0
Pleasanton_CA,25,32.0,0.0214,0.0,0.0002,0.0
Pleasanton_CA,25,64.0,0.0215,0.0,0.0003,0.0
Pleasanton_CA,25,inf,0.0134,0.0,0.0134,0.0
Pleasanton_CA,50,8.0,0.0219,0.0001,0.0001,0.0
Pleasanton_CA,50,16.0,0.0205,0.0004,0.0001,0.0
Pleasanton_CA,50,32.0,0.0212,0.0001,0.0002,0.0
Pleasanton_CA,50,64.0,0.0208,0.0,0.0003,0.0
Pleasanton_CA,50,inf,0.0124,0.0,0.0124,0.0
Tampa_FL,25,8.0,0.1146,0.0028,0.0001,0.0
Tampa_FL,25,16.0,0.1103,0.0002,0.0001,0.0
Tampa_FL,25,32.0,0.1119,0.0001,0.0002,0.0
Tampa_FL,25,64.0,0.1119,0.0001,0.0004,0.0
Tampa_FL,25,inf,0.0625,0.0,0.0624,0.0
Tampa_FL,50,8.0,0.1139,0.0019,0.0001,0.0
Tampa_FL,50,16.0,0.1114,0.0001,0.0001,0.0
Tampa_FL,50,32.0,0.1093,0.0001,0.0002,0.0
Tampa_FL,50,64.0,0.1102,0.0001,0.0003,0.0
Tampa_FL,50,inf,0.0618,0.0003,0.0618,0.0003
Portland_OR,25,8.0,0.2681,0.0001,0.0001,0.0
Portland_OR,25,16.0,0.2587,0.0002,0.0001,0.0
Portland_OR,25,32.0,0.255,0.0002,0.0002,0.0
Portland_OR,25,64.0,0.259,0.0001,0.0003,0.0
Portland_OR,25,inf,0.1405,0.0003,0.1405,0.0003
Portland_OR,50,8.0,0.2682,0.0002,0.0001,0.0
Portland_OR,50,16.0,0.264,0.0002,0.0001,0.0
Portland_OR,50,32.0,0.2641,0.0001,0.0002,0.0
Portland_OR,50,64.0,0.2681,0.0002,0.0004,0.0
Portland_OR,50,inf,0.137,0.0002,0.1369,0.0002
FallsChurch_VA,25,8.0,0.0563,0.0008,0.0001,0.0
FallsChurch_VA,25,16.0,0.055,0.0,0.0001,0.0
FallsChurch_VA,25,32.0,0.0574,0.0002,0.0002,0.0
FallsChurch_VA,25,64.0,0.0562,0.0008,0.0004,0.0
FallsChurch_VA,25,inf,0.035,0.0001,0.035,0.0001
FallsChurch_VA,50,8.0,0.0577,0.0001,0.0001,0.0
FallsChurch_VA,50,16.0,0.0578,0.0005,0.0001,0.0
FallsChurch_VA,50,32.0,0.0583,0.0001,0.0002,0.0
FallsChurch_VA,50,64.0,0.0561,0.0005,0.0003,0.0
FallsChurch_VA,50,inf,0.0339,0.0,0.0338,0.0
Davis_CA,25,8.0,0.0159,0.0001,0.0001,0.0
Davis_CA,25,16.0,0.0148,0.0,0.0001,0.0
Davis_CA,25,32.0,0.0155,0.0001,0.0002,0.0
Davis_CA,25,64.0,0.0158,0.0,0.0003,0.0
Davis_CA,25,inf,0.0101,0.0,0.0101,0.0
Davis_CA,50,8.0,0.015,0.0,0.0001,0.0
Davis_CA,50,16.0,0.0151,0.0,0.0001,0.0
Davis_CA,50,32.0,0.0152,0.0,0.0002,0.0
Davis_CA,50,64.0,0.0154,0.0,0.0003,0.0
Davis_CA,50,inf,0.0099,0.0,0.0099,0.0
Brunswick_GA,25,8.0,0.0624,0.0002,0.0001,0.0
Brunswick_GA,25,16.0,0.0602,0.0,0.0001,0.0
Brunswick_GA,25,32.0,0.0611,0.001,0.0002,0.0
Brunswick_GA,25,64.0,0.0627,0.0002,0.0004,0.0
Brunswick_GA,25,inf,0.0381,0.0001,0.0381,0.0001
Brunswick_GA,50,8.0,0.0621,0.0001,0.0001,0.0
Brunswick_GA,50,16.0,0.0587,0.0003,0.0001,0.0
Brunswick_GA,50,32.0,0.0622,0.0001,0.0002,0.0
Brunswick_GA,50,64.0,0.0606,0.0002,0.0004,0.0
Brunswick_GA,50,inf,0.0379,0.0,0.0379,0.0
Hoboken_NJ,25,8.0,0.0832,0.0001,0.0001,0.0
Hoboken_NJ,25,16.0,0.0841,0.0001,0.0001,0.0
Hoboken_NJ,25,32.0,0.0848,0.0001,0.0002,0.0
Hoboken_NJ,25,64.0,0.0848,0.0,0.0003,0.0
Hoboken_NJ,25,inf,0.0416,0.0002,0.0415,0.0002
Hoboken_NJ,50,8.0,0.0826,0.0,0.0001,0.0
Hoboken_NJ,50,16.0,0.0813,0.0001,0.0001,0.0
Hoboken_NJ,50,32.0,0.0816,0.0,0.0002,0.0
Hoboken_NJ,50,64.0,0.0826,0.0005,0.0003,0.0
Hoboken_NJ,50,inf,0.0388,0.0003,0.0387,0.0003
Cumming_GA,25,8.0,0.0125,0.0,0.0001,0.0
Cumming_GA,25,16.0,0.0116,0.0,0.0001,0.0
Cumming_GA,25,32.0,0.0116,0.0,0.0002,0.0
Cumming_GA,25,64.0,0.0121,0.0,0.0003,0.0
Cumming_GA,25,inf,0.0081,0.0,0.0081,0.0
Cumming_GA,50,8.0,0.0122,0.0,0.0001,0.0
Cumming_GA,50,16.0,0.0117,0.0,0.0001,0.0
Cumming_GA,50,32.0,0.012,0.0,0.0002,0.0
Cumming_GA,50,64.0,0.0125,0.0,0.0003,0.0
Cumming_GA,50,inf,0.0079,0.0,0.0079,0.0
Columbus_OH,25,8.0,0.1119,0.0003,0.0001,0.0
Columbus_OH,25,16.0,0.1092,0.0004,0.0001,0.0
Columbus_OH,25,32.0,0.1088,0.0018,0.0002,0.0
Columbus_OH,25,64.0,0.1125,0.0005,0.0004,0.0
Columbus_OH,25,inf,0.0584,0.0003,0.0584,0.0003
Columbus_OH,50,8.0,0.1109,0.0001,0.0001,0.0
Columbus_OH,50,16.0,0.1038,0.0013,0.0001,0.0
Columbus_OH,50,32.0,0.1065,0.0003,0.0002,0.0
Columbus_OH,50,64.0,0.1064,0.0004,0.0003,0.0
Columbus_OH,50,inf,0.0544,0.0004,0.0543,0.0004
Duluth_GA,25,8.0,0.0164,0.0001,0.0001,0.0
Duluth_GA,25,16.0,0.0155,0.0002,0.0001,0.0
Duluth_GA,25,32.0,0.016,0.0001,0.0002,0.0
Duluth_GA,25,64.0,0.016,0.0,0.0003,0.0
Duluth_GA,25,inf,0.0108,0.0,0.0107,0.0
Duluth_GA,50,8.0,0.0151,0.0,0.0001,0.0
Duluth_GA,50,16.0,0.0154,0.0,0.0001,0.0
Duluth_GA,50,32.0,0.0162,0.0,0.0002,0.0
Duluth_GA,50,64.0,0.0166,0.0,0.0003,0.0
Duluth_GA,50,inf,0.0103,0.0,0.0102,0.0
Indianapolis_IN,25,8.0,0.1133,0.0004,0.0001,0.0
Indianapolis_IN,25,16.0,0.1111,0.0003,0.0001,0.0
Indianapolis_IN,25,32.0,0.1115,0.0001,0.0002,0.0
Indianapolis_IN,25,64.0,0.1116,0.0004,0.0003,0.0
Indianapolis_IN,25,inf,0.0584,0.0001,0.0584,0.0001
Indianapolis_IN,50,8.0,0.1129,0.0006,0.0001,0.0
Indianapolis_IN,50,16.0,0.1118,0.0004,0.0001,0.0
Indianapolis_IN,50,32.0,0.1163,0.0004,0.0002,0.0
Indianapolis_IN,50,64.0,0.1122,0.0002,0.0003,0.0
Indianapolis_IN,50,inf,0.0565,0.0,0.0564,0.0
Suwanee_GA,25,8.0,0.0191,0.0002,0.0001,0.0
Suwanee_GA,25,16.0,0.0188,0.0001,0.0001,0.0
Suwanee_GA,25,32.0,0.0194,0.0002,0.0002,0.0
Suwanee_GA,25,64.0,0.02,0.0001,0.0003,0.0
Suwanee_GA,25,inf,0.0109,0.0001,0.0109,0.0001
Suwanee_GA,50,8.0,0.019,0.0002,0.0001,0.0
Suwanee_GA,50,16.0,0.0192,0.0002,0.0001,0.0
Suwanee_GA,50,32.0,0.0193,0.0001,0.0002,0.0
Suwanee_GA,50,64.0,0.019,0.0002,0.0003,0.0
Suwanee_GA,50,inf,0.0102,0.0,0.0102,0.0
Fairfax_VA,25,8.0,0.0689,0.0001,0.0001,0.0
Fairfax_VA,25,16.0,0.069,0.0001,0.0001,0.0
Fairfax_VA,25,32.0,0.0691,0.0,0.0002,0.0
Fairfax_VA,25,64.0,0.0684,0.0002,0.0004,0.0
Fairfax_VA,25,inf,0.0439,0.0002,0.0438,0.0002
Fairfax_VA,50,8.0,0.0681,0.0,0.0001,0.0
Fairfax_VA,50,16.0,0.0674,0.0001,0.0001,0.0
Fairfax_VA,50,32.0,0.0677,0.0002,0.0002,0.0
Fairfax_VA,50,64.0,0.0714,0.0003,0.0004,0.0
Fairfax_VA,50,inf,0.0427,0.0001,0.0427,0.0001
Las-Vegas_NV,25,8.0,0.0589,0.0002,0.0001,0.0
Las-Vegas_NV,25,16.0,0.0587,0.0001,0.0001,0.0
Las-Vegas_NV,25,32.0,0.058,0.0003,0.0002,0.0
Las-Vegas_NV,25,64.0,0.0611,0.0003,0.0004,0.0
Las-Vegas_NV,25,inf,0.0372,0.0001,0.0372,0.0001
Las-Vegas_NV,50,8.0,0.061,0.0001,0.0001,0.0
Las-Vegas_NV,50,16.0,0.0585,0.0002,0.0001,0.0
Las-Vegas_NV,50,32.0,0.0599,0.0001,0.0002,0.0
Las-Vegas_NV,50,64.0,0.0596,0.0001,0.0004,0.0
Las-Vegas_NV,50,inf,0.0356,0.0001,0.0356,0.0001
San-Francisco_CA,25,8.0,0.1602,0.0011,0.0001,0.0
San-Francisco_CA,25,16.0,0.1598,0.0002,0.0001,0.0
San-Francisco_CA,25,32.0,0.1624,0.0025,0.0002,0.0
San-Francisco_CA,25,64.0,0.1614,0.0034,0.0004,0.0
San-Francisco_CA,25,inf,0.0815,0.0006,0.0815,0.0006
San-Francisco_CA,50,8.0,0.1599,0.0003,0.0001,0.0
San-Francisco_CA,50,16.0,0.1668,0.0006,0.0001,0.0
San-Francisco_CA,50,32.0,0.1635,0.0006,0.0002,0.0
San-Francisco_CA,50,64.0,0.1632,0.0004,0.0004,0.0
San-Francisco_CA,50,inf,0.0805,0.0001,0.0805,0.0001
Anchorage_AK,25,8.0,0.0772,0.0005,0.0001,0.0
Anchorage_AK,25,16.0,0.0727,0.0001,0.0001,0.0
Anchorage_AK,25,32.0,0.0742,0.0003,0.0002,0.0
Anchorage_AK,25,64.0,0.0748,0.0002,0.0004,0.0
Anchorage_AK,25,inf,0.0466,0.0001,0.0466,0.0001
Anchorage_AK,50,8.0,0.0759,0.0012,0.0001,0.0
Anchorage_AK,50,16.0,0.0728,0.0003,0.0001,0.0
Anchorage_AK,50,32.0,0.0713,0.0004,0.0002,0.0
Anchorage_AK,50,64.0,0.0732,0.0002,0.0004,0.0
Anchorage_AK,50,inf,0.0462,0.0003,0.0461,0.0003
SanAntonio_TX,25,8.0,0.0932,0.0001,0.0001,0.0
SanAntonio_TX,25,16.0,0.0919,0.0004,0.0001,0.0
SanAntonio_TX,25,32.0,0.092,0.0004,0.0002,0.0
SanAntonio_TX,25,64.0,0.0935,0.0001,0.0004,0.0
SanAntonio_TX,25,inf,0.0431,0.0001,0.043,0.0001
SanAntonio_TX,50,8.0,0.0894,0.0003,0.0001,0.0
SanAntonio_TX,50,16.0,0.0916,0.0005,0.0001,0.0
SanAntonio_TX,50,32.0,0.0925,0.0001,0.0002,0.0
SanAntonio_TX,50,64.0,0.0913,0.0002,0.0003,0.0
SanAntonio_TX,50,inf,0.042,0.0002,0.042,0.0002
Rome_GA,25,8.0,0.0392,0.0004,0.0001,0.0
Rome_GA,25,16.0,0.0393,0.0004,0.0001,0.0
Rome_GA,25,32.0,0.0388,0.0005,0.0002,0.0
Rome_GA,25,64.0,0.0388,0.0001,0.0004,0.0
Rome_GA,25,inf,0.0199,0.0001,0.0199,0.0001
Rome_GA,50,8.0,0.0386,0.0001,0.0001,0.0
Rome_GA,50,16.0,0.0372,0.0001,0.0001,0.0
Rome_GA,50,32.0,0.0371,0.0,0.0002,0.0
Rome_GA,50,64.0,0.0394,0.0001,0.0004,0.0
Rome_GA,50,inf,0.0201,0.0002,0.0201,0.0002
Durham_NC,25,8.0,0.142,0.0035,0.0001,0.0
Durham_NC,25,16.0,0.1383,0.0004,0.0001,0.0
Durham_NC,25,32.0,0.1392,0.0002,0.0002,0.0
Durham_NC,25,64.0,0.1446,0.0001,0.0004,0.0
Durham_NC,25,inf,0.0743,0.0001,0.0743,0.0001
Durham_NC,50,8.0,0.1484,0.0001,0.0001,0.0
Durham_NC,50,16.0,0.1459,0.0025,0.0001,0.0
Durham_NC,50,32.0,0.1485,0.0002,0.0002,0.0
Durham_NC,50,64.0,0.1436,0.0005,0.0004,0.0
Durham_NC,50,inf,0.0747,0.0002,0.0746,0.0002
Scottsdale_AZ,25,8.0,0.0671,0.0002,0.0001,0.0
Scottsdale_AZ,25,16.0,0.065,0.0001,0.0001,0.0
Scottsdale_AZ,25,32.0,0.065,0.0,0.0002,0.0
Scottsdale_AZ,25,64.0,0.0653,0.0,0.0004,0.0
Scottsdale_AZ,25,inf,0.0422,0.0,0.0422,0.0
Scottsdale_AZ,50,8.0,0.0672,0.0001,0.0001,0.0
Scottsdale_AZ,50,16.0,0.0649,0.0,0.0001,0.0
Scottsdale_AZ,50,32.0,0.065,0.0002,0.0002,0.0
Scottsdale_AZ,50,64.0,0.0645,0.0001,0.0004,0.0
Scottsdale_AZ,50,inf,0.041,0.0001,0.041,0.0001
SilverSpring_MD,25,8.0,0.1169,0.0001,0.0001,0.0
SilverSpring_MD,25,16.0,0.1146,0.0006,0.0001,0.0
SilverSpring_MD,25,32.0,0.1203,0.0003,0.0002,0.0
SilverSpring_MD,25,64.0,0.1189,0.0001,0.0003,0.0
SilverSpring_MD,25,inf,0.0631,0.0001,0.063,0.0001
SilverSpring_MD,50,8.0,0.1218,0.0005,0.0001,0.0
SilverSpring_MD,50,16.0,0.114,0.001,0.0001,0.0
SilverSpring_MD,50,32.0,0.1186,0.0009,0.0002,0.0
SilverSpring_MD,50,64.0,0.1191,0.0001,0.0003,0.0
SilverSpring_MD,50,inf,0.0622,0.0001,0.0621,0.0001
Richland_WA,25,8.0,0.0552,0.0002,0.0001,0.0
Richland_WA,25,16.0,0.055,0.0001,0.0001,0.0
Richland_WA,25,32.0,0.0532,0.0001,0.0002,0.0
Richland_WA,25,64.0,0.0551,0.0001,0.0004,0.0
Richland_WA,25,inf,0.0345,0.0,0.0344,0.0
Richland_WA,50,8.0,0.0524,0.0001,0.0001,0.0
Richland_WA,50,16.0,0.0537,0.0001,0.0001,0.0
Richland_WA,50,32.0,0.0536,0.0,0.0002,0.0
Richland_WA,50,64.0,0.0542,0.0001,0.0003,0.0
Richland_WA,50,inf,0.0337,0.0,0.0336,0.0
Malibu_CA,25,8.0,0.1283,0.0001,0.0001,0.0
Malibu_CA,25,16.0,0.1275,0.0002,0.0001,0.0
Malibu_CA,25,32.0,0.1343,0.0001,0.0002,0.0
Malibu_CA,25,64.0,0.1276,0.0004,0.0004,0.0
Malibu_CA,25,inf,0.072,0.0,0.0719,0.0
Malibu_CA,50,8.0,0.1327,0.0002,0.0001,0.0
Malibu_CA,50,16.0,0.1304,0.0001,0.0001,0.0
Malibu_CA,50,32.0,0.1296,0.001,0.0002,0.0
Malibu_CA,50,64.0,0.1282,0.0006,0.0003,0.0
Malibu_CA,50,inf,0.07,0.0001,0.0699,0.0001
Kennesaw_GA,25,8.0,0.0115,0.0002,0.0001,0.0
Kennesaw_GA,25,16.0,0.0114,0.0,0.0001,0.0
Kennesaw_GA,25,32.0,0.0116,0.0,0.0002,0.0
Kennesaw_GA,25,64.0,0.012,0.0,0.0003,0.0
Kennesaw_GA,25,inf,0.0086,0.0,0.0085,0.0
Kennesaw_GA,50,8.0,0.0115,0.0,0.0001,0.0
Kennesaw_GA,50,16.0,0.0111,0.0001,0.0001,0.0
Kennesaw_GA,50,32.0,0.0112,0.0,0.0002,0.0
Kennesaw_GA,50,64.0,0.0114,0.0,0.0003,0.0
Kennesaw_GA,50,inf,0.0082,0.0,0.0082,0.0
Austin_TX,25,8.0,0.2526,0.0002,0.0001,0.0
Austin_TX,25,16.0,0.24,0.0003,0.0001,0.0
Austin_TX,25,32.0,0.241,0.0007,0.0002,0.0
Austin_TX,25,64.0,0.248,0.0021,0.0003,0.0
Austin_TX,25,inf,0.1309,0.0001,0.1308,0.0001
Austin_TX,50,8.0,0.2577,0.0038,0.0001,0.0
Austin_TX,50,16.0,0.2485,0.0004,0.0001,0.0
Austin_TX,50,32.0,0.2554,0.0058,0.0002,0.0
Austin_TX,50,64.0,0.2582,0.0006,0.0003,0.0
Austin_TX,50,inf,0.1357,0.0003,0.1357,0.0003
Sedona_AZ,25,8.0,0.041,0.0001,0.0001,0.0
Sedona_AZ,25,16.0,0.0404,0.0006,0.0001,0.0
Sedona_AZ,25,32.0,0.0401,0.0002,0.0002,0.0
Sedona_AZ,25,64.0,0.0396,0.001,0.0003,0.0
Sedona_AZ,25,inf,0.0208,0.0001,0.0207,0.0001
Sedona_AZ,50,8.0,0.0403,0.0002,0.0001,0.0
Sedona_AZ,50,16.0,0.0393,0.0008,0.0001,0.0
Sedona_AZ,50,32.0,0.0403,0.0003,0.0002,0.0
Sedona_AZ,50,64.0,0.0411,0.0003,0.0003,0.0
Sedona_AZ,50,inf,0.02,0.0001,0.0199,0.0001
Los-Angeles_CA,25,8.0,0.112,0.0017,0.0001,0.0
Los-Angeles_CA,25,16.0,0.1156,0.0006,0.0001,0.0
Los-Angeles_CA,25,32.0,0.1139,0.0019,0.0002,0.0
Los-Angeles_CA,25,64.0,0.11,0.0001,0.0004,0.0
Los-Angeles_CA,25,inf,0.0626,0.0004,0.0626,0.0004
Los-Angeles_CA,50,8.0,0.1134,0.0018,0.0001,0.0
Los-Angeles_CA,50,16.0,0.1108,0.0001,0.0001,0.0
Los-Angeles_CA,50,32.0,0.1151,0.0002,0.0002,0.0
Los-Angeles_CA,50,64.0,0.1112,0.0004,0.0004,0.0
Los-Angeles_CA,50,inf,0.063,0.0001,0.063,0.0001
Urbana_IL,25,8.0,0.0601,0.0012,0.0001,0.0
Urbana_IL,25,16.0,0.0579,0.001,0.0001,0.0
Urbana_IL,25,32.0,0.0555,0.0002,0.0002,0.0
Urbana_IL,25,64.0,0.0581,0.0001,0.0004,0.0
Urbana_IL,25,inf,0.0377,0.0001,0.0376,0.0001
Urbana_IL,50,8.0,0.0573,0.0007,0.0001,0.0
Urbana_IL,50,16.0,0.0567,0.0001,0.0001,0.0
Urbana_IL,50,32.0,0.0571,0.0002,0.0002,0.0
Urbana_IL,50,64.0,0.058,0.0001,0.0004,0.0
Urbana_IL,50,inf,0.0368,0.0002,0.0367,0.0002
Salt_Lake_City_UT,25,8.0,0.1639,0.0025,0.0001,0.0
Salt_Lake_City_UT,25,16.0,0.1629,0.0003,0.0001,0.0
Salt_Lake_City_UT,25,32.0,0.1649,0.0003,0.0002,0.0
Salt_Lake_City_UT,25,64.0,0.1627,0.0006,0.0004,0.0
Salt_Lake_City_UT,25,inf,0.0822,0.0003,0.0821,0.0003
Salt_Lake_City_UT,50,8.0,0.16,0.0003,0.0001,0.0
Salt_Lake_City_UT,50,16.0,0.1581,0.0004,0.0001,0.0
Salt_Lake_City_UT,50,32.0,0.1599,0.0005,0.0002,0.0
Salt_Lake_City_UT,50,64.0,0.16,0.0006,0.0004,0.0
Salt_Lake_City_UT,50,inf,0.0805,0.0002,0.0805,0.0002
Savannah_GA,25,8.0,0.0707,0.0002,0.0001,0.0
Savannah_GA,25,16.0,0.0709,0.0003,0.0001,0.0
Savannah_GA,25,32.0,0.07,0.0001,0.0002,0.0
Savannah_GA,25,64.0,0.0686,0.0002,0.0004,0.0
Savannah_GA,25,inf,0.0432,0.0002,0.0431,0.0001
Savannah_GA,50,8.0,0.0709,0.0003,0.0001,0.0
Savannah_GA,50,16.0,0.0663,0.0003,0.0001,0.0
Savannah_GA,50,32.0,0.0663,0.0001,0.0002,0.0
Savannah_GA,50,64.0,0.0665,0.0002,0.0004,0.0
Savannah_GA,50,inf,0.0424,0.0002,0.0424,0.0002
SanBernardino_CA,25,8.0,0.0492,0.0001,0.0001,0.0
SanBernardino_CA,25,16.0,0.0486,0.0002,0.0001,0.0
SanBernardino_CA,25,32.0,0.049,0.0001,0.0002,0.0
SanBernardino_CA,25,64.0,0.0492,0.0006,0.0004,0.0
SanBernardino_CA,25,inf,0.0329,0.0002,0.0328,0.0002
SanBernardino_CA,50,8.0,0.0484,0.0003,0.0001,0.0
SanBernardino_CA,50,16.0,0.0478,0.0002,0.0001,0.0
SanBernardino_CA,50,32.0,0.0479,0.0,0.0002,0.0
SanBernardino_CA,50,64.0,0.049,0.0002,0.0004,0.0
SanBernardino_CA,50,inf,0.0317,0.0002,0.0317,0.0002
Orlando_FL,25,8.0,0.1237,0.0004,0.0001,0.0
Orlando_FL,25,16.0,0.1213,0.0,0.0001,0.0
Orlando_FL,25,32.0,0.1232,0.0001,0.0002,0.0
Orlando_FL,25,64.0,0.1235,0.0002,0.0004,0.0
Orlando_FL,25,inf,0.0666,0.0003,0.0666,0.0003
Orlando_FL,50,8.0,0.1221,0.0001,0.0001,0.0
Orlando_FL,50,16.0,0.1194,0.0019,0.0001,0.0
Orlando_FL,50,32.0,0.1171,0.0001,0.0002,0.0
Orlando_FL,50,64.0,0.1161,0.0003,0.0004,0.0
Orlando_FL,50,inf,0.0669,0.0001,0.0669,0.0001
Honolulu_HI,25,8.0,0.0386,0.0001,0.0001,0.0
Honolulu_HI,25,16.0,0.0373,0.0,0.0001,0.0
Honolulu_HI,25,32.0,0.0382,0.0001,0.0002,0.0
Honolulu_HI,25,64.0,0.0388,0.0,0.0003,0.0
Honolulu_HI,25,inf,0.0212,0.0,0.0212,0.0
Honolulu_HI,50,8.0,0.0382,0.0,0.0001,0.0
Honolulu_HI,50,16.0,0.0384,0.0,0.0001,0.0
Honolulu_HI,50,32.0,0.0379,0.0,0.0002,0.0
Honolulu_HI,50,64.0,0.0385,0.0,0.0003,0.0
Honolulu_HI,50,inf,0.0211,0.0,0.021,0.0
Helen_GA,25,8.0,0.0061,0.0,0.0001,0.0
Helen_GA,25,16.0,0.0062,0.0001,0.0001,0.0
Helen_GA,25,32.0,0.0062,0.0,0.0002,0.0
Helen_GA,25,64.0,0.0064,0.0,0.0003,0.0
Helen_GA,25,inf,0.0044,0.0,0.0044,0.0
Helen_GA,50,8.0,0.006,0.0001,0.0001,0.0
Helen_GA,50,16.0,0.006,0.0,0.0001,0.0
Helen_GA,50,32.0,0.0061,0.0,0.0002,0.0
Helen_GA,50,64.0,0.0063,0.0001,0.0003,0.0
Helen_GA,50,inf,0.0043,0.0,0.0043,0.0
Wilmington_NC,25,8.0,0.1538,0.0005,0.0001,0.0
Wilmington_NC,25,16.0,0.1572,0.0018,0.0001,0.0
Wilmington_NC,25,32.0,0.1591,0.0003,0.0002,0.0
Wilmington_NC,25,64.0,0.1523,0.0024,0.0004,0.0
Wilmington_NC,25,inf,0.077,0.0002,0.077,0.0002
Wilmington_NC,50,8.0,0.1536,0.0001,0.0001,0.0
Wilmington_NC,50,16.0,0.151,0.0002,0.0001,0.0
Wilmington_NC,50,32.0,0.1532,0.0003,0.0002,0.0
Wilmington_NC,50,64.0,0.1534,0.0006,0.0003,0.0
Wilmington_NC,50,inf,0.0771,0.0002,0.077,0.0002
Gardena_CA,25,8.0,0.0134,0.0002,0.0001,0.0
Gardena_CA,25,16.0,0.0133,0.0002,0.0001,0.0
Gardena_CA,25,32.0,0.0133,0.0002,0.0002,0.0
Gardena_CA,25,64.0,0.0135,0.0,0.0003,0.0
Gardena_CA,25,inf,0.0089,0.0,0.0089,0.0
Gardena_CA,50,8.0,0.0134,0.0001,0.0001,0.0
Gardena_CA,50,16.0,0.0133,0.0001,0.0001,0.0
Gardena_CA,50,32.0,0.0127,0.0003,0.0002,0.0
Gardena_CA,50,64.0,0.0132,0.0001,0.0003,0.0
Gardena_CA,50,inf,0.0087,0.0,0.0087,0.0
Alameda_CA,25,8.0,0.0117,0.0,0.0001,0.0
Alameda_CA,25,16.0,0.0111,0.0,0.0001,0.0
Alameda_CA,25,32.0,0.0115,0.0001,0.0002,0.0
Alameda_CA,25,64.0,0.012,0.0003,0.0003,0.0
Alameda_CA,25,inf,0.0089,0.0001,0.0088,0.0001
Alameda_CA,50,8.0,0.011,0.0,0.0001,0.0
Alameda_CA,50,16.0,0.0105,0.0,0.0001,0.0
Alameda_CA,50,32.0,0.0107,0.0,0.0002,0.0
Alameda_CA,50,64.0,0.011,0.0002,0.0003,0.0
Alameda_CA,50,inf,0.0083,0.0,0.0083,0.0
New-York-City_NY,25,8.0,0.1577,0.0002,0.0001,0.0
New-York-City_NY,25,16.0,0.1575,0.0003,0.0001,0.0
New-York-City_NY,25,32.0,0.1644,0.0001,0.0002,0.0
New-York-City_NY,25,64.0,0.1642,0.0003,0.0003,0.0
New-York-City_NY,25,inf,0.0806,0.0,0.0805,0.0
New-York-City_NY,50,8.0,0.1647,0.0003,0.0001,0.0
New-York-City_NY,50,16.0,0.1623,0.0002,0.0001,0.0
New-York-City_NY,50,32.0,0.1564,0.0002,0.0002,0.0
New-York-City_NY,50,64.0,0.1625,0.0002,0.0004,0.0
New-York-City_NY,50,inf,0.0805,0.0001,0.0804,0.0001
Tallahassee_FL,25,8.0,0.0493,0.0006,0.0001,0.0
Tallahassee_FL,25,16.0,0.0494,0.0,0.0001,0.0
Tallahassee_FL,25,32.0,0.049,0.0001,0.0002,0.0
Tallahassee_FL,25,64.0,0.0502,0.0,0.0004,0.0
Tallahassee_FL,25,inf,0.0314,0.0001,0.0314,0.0001
Tallahassee_FL,50,8.0,0.0497,0.0,0.0001,0.0
Tallahassee_FL,50,16.0,0.0506,0.0002,0.0001,0.0
Tallahassee_FL,50,32.0,0.0515,0.0001,0.0002,0.0
Tallahassee_FL,50,64.0,0.0519,0.0001,0.0003,0.0
Tallahassee_FL,50,inf,0.0297,0.0,0.0296,0.0
Houston_TX,25,8.0,0.2057,0.0005,0.0001,0.0
Houston_TX,25,16.0,0.2132,0.0003,0.0001,0.0
Houston_TX,25,32.0,0.203,0.0001,0.0002,0.0
Houston_TX,25,64.0,0.2056,0.001,0.0003,0.0
Houston_TX,25,inf,0.088,0.0001,0.088,0.0001
Houston_TX,50,8.0,0.2153,0.0057,0.0001,0.0
Houston_TX,50,16.0,0.2134,0.0001,0.0001,0.0
Houston_TX,50,32.0,0.2074,0.0001,0.0002,0.0
Houston_TX,50,64.0,0.2185,0.0002,0.0003,0.0
Houston_TX,50,inf,0.0888,0.0001,0.0887,0.0
Daytona_Beach_FL,25,8.0,0.0356,0.0,0.0001,0.0
Daytona_Beach_FL,25,16.0,0.036,0.0001,0.0001,0.0
Daytona_Beach_FL,25,32.0,0.0358,0.0007,0.0002,0.0
Daytona_Beach_FL,25,64.0,0.0355,0.0007,0.0003,0.0
Daytona_Beach_FL,25,inf,0.0209,0.0,0.0208,0.0
Daytona_Beach_FL,50,8.0,0.0362,0.0005,0.0001,0.0
Daytona_Beach_FL,50,16.0,0.0342,0.0005,0.0001,0.0
Daytona_Beach_FL,50,32.0,0.0352,0.0001,0.0002,0.0
Daytona_Beach_FL,50,64.0,0.0348,0.0001,0.0003,0.0
Daytona_Beach_FL,50,inf,0.0205,0.0,0.0205,0.0
Augusta_GA,25,8.0,0.0431,0.0001,0.0001,0.0
Augusta_GA,25,16.0,0.0411,0.0001,0.0001,0.0
Augusta_GA,25,32.0,0.0429,0.0,0.0002,0.0
Augusta_GA,25,64.0,0.0429,0.0,0.0003,0.0
Augusta_GA,25,inf,0.0224,0.0,0.0224,0.0
Augusta_GA,50,8.0,0.0427,0.0001,0.0001,0.0
Augusta_GA,50,16.0,0.0416,0.0,0.0001,0.0
Augusta_GA,50,32.0,0.0425,0.0001,0.0002,0.0
Augusta_GA,50,64.0,0.0414,0.0001,0.0003,0.0
Augusta_GA,50,inf,0.0221,0.0,0.0221,0.0
Griffin_GA,25,8.0,0.0078,0.0,0.0001,0.0
Griffin_GA,25,16.0,0.0077,0.0,0.0001,0.0
Griffin_GA,25,32.0,0.0081,0.0001,0.0002,0.0
Griffin_GA,25,64.0,0.0081,0.0001,0.0003,0.0
Griffin_GA,25,inf,0.0047,0.0,0.0047,0.0
Griffin_GA,50,8.0,0.0079,0.0,0.0001,0.0
Griffin_GA,50,16.0,0.0076,0.0001,0.0001,0.0
Griffin_GA,50,32.0,0.0078,0.0,0.0002,0.0
Griffin_GA,50,64.0,0.008,0.0,0.0003,0.0
Griffin_GA,50,inf,0.0045,0.0,0.0044,0.0
Atlanta_GA,25,8.0,0.0832,0.0001,0.0001,0.0
Atlanta_GA,25,16.0,0.0794,0.0,0.0001,0.0
Atlanta_GA,25,32.0,0.0795,0.0,0.0002,0.0
Atlanta_GA,25,64.0,0.0792,0.0001,0.0004,0.0
Atlanta_GA,25,inf,0.0486,0.0,0.0486,0.0
Atlanta_GA,50,8.0,0.0827,0.0002,0.0001,0.0
Atlanta_GA,50,16.0,0.0788,0.0007,0.0001,0.0
Atlanta_GA,50,32.0,0.0763,0.0,0.0002,0.0
Atlanta_GA,50,64.0,0.0796,0.0003,0.0004,0.0
Atlanta_GA,50,inf,0.0491,0.0,0.0491,0.0
Reno_NV,25,8.0,0.1257,0.0017,0.0001,0.0
Reno_NV,25,16.0,0.1241,0.0001,0.0001,0.0
Reno_NV,25,32.0,0.1245,0.0,0.0002,0.0
Reno_NV,25,64.0,0.1292,0.0002,0.0004,0.0
Reno_NV,25,inf,0.0675,0.0,0.0675,0.0
Reno_NV,50,8.0,0.124,0.0001,0.0001,0.0
Reno_NV,50,16.0,0.121,0.0002,0.0001,0.0
Reno_NV,50,32.0,0.1233,0.0003,0.0002,0.0
Reno_NV,50,64.0,0.1237,0.0002,0.0003,0.0
Reno_NV,50,inf,0.0677,0.0,0.0677,0.0
Franklin_TN,25,8.0,0.068,0.0004,0.0001,0.0
Franklin_TN,25,16.0,0.0657,0.0012,0.0001,0.0
Franklin_TN,25,32.0,0.0665,0.0001,0.0002,0.0
Franklin_TN,25,64.0,0.0687,0.0001,0.0004,0.0
Franklin_TN,25,inf,0.0395,0.0002,0.0394,0.0002
Franklin_TN,50,8.0,0.0656,0.0011,0.0001,0.0
Franklin_TN,50,16.0,0.0641,0.0002,0.0001,0.0
Franklin_TN,50,32.0,0.0676,0.0003,0.0002,0.0
Franklin_TN,50,64.0,0.0641,0.0002,0.0004,0.0
Franklin_TN,50,inf,0.0384,0.0001,0.0383,0.0001
SanDiego_CA,25,8.0,0.0977,0.0003,0.0001,0.0
SanDiego_CA,25,16.0,0.101,0.0003,0.0001,0.0
SanDiego_CA,25,32.0,0.1007,0.0003,0.0002,0.0
SanDiego_CA,25,64.0,0.0997,0.0004,0.0004,0.0
SanDiego_CA,25,inf,0.0477,0.0002,0.0476,0.0002
SanDiego_CA,50,8.0,0.1013,0.0003,0.0001,0.0
SanDiego_CA,50,16.0,0.099,0.0015,0.0001,0.0
SanDiego_CA,50,32.0,0.1009,0.0005,0.0002,0.0
SanDiego_CA,50,64.0,0.0999,0.0003,0.0003,0.0
SanDiego_CA,50,inf,0.0462,0.0002,0.0462,0.0002
Charleston_SC,25,8.0,0.0966,0.0003,0.0001,0.0
Charleston_SC,25,16.0,0.0932,0.0002,0.0001,0.0
Charleston_SC,25,32.0,0.0916,0.0002,0.0002,0.0
Charleston_SC,25,64.0,0.0967,0.0002,0.0004,0.0
Charleston_SC,25,inf,0.0451,0.0,0.045,0.0
Charleston_SC,50,8.0,0.0931,0.0003,0.0001,0.0
Charleston_SC,50,16.0,0.0915,0.0002,0.0001,0.0
Charleston_SC,50,32.0,0.0959,0.0002,0.0002,0.0
Charleston_SC,50,64.0,0.0947,0.0001,0.0003,0.0
Charleston_SC,50,inf,0.0403,0.0,0.0403,0.0
New-Orleans_LA,25,8.0,0.1768,0.0002,0.0001,0.0
New-Orleans_LA,25,16.0,0.1744,0.0002,0.0001,0.0
New-Orleans_LA,25,32.0,0.1746,0.0001,0.0002,0.0
New-Orleans_LA,25,64.0,0.1781,0.0006,0.0003,0.0
New-Orleans_LA,25,inf,0.0843,0.0002,0.0842,0.0002
New-Orleans_LA,50,8.0,0.1834,0.0001,0.0001,0.0
New-Orleans_LA,50,16.0,0.175,0.0031,0.0001,0.0
New-Orleans_LA,50,32.0,0.1796,0.0004,0.0002,0.0
New-Orleans_LA,50,64.0,0.1809,0.0004,0.0003,0.0
New-Orleans_LA,50,inf,0.0854,0.0001,0.0854,0.0001
Fresno_CA,25,8.0,0.0543,0.0007,0.0001,0.0
Fresno_CA,25,16.0,0.0552,0.0001,0.0001,0.0
Fresno_CA,25,32.0,0.0543,0.0,0.0002,0.0
Fresno_CA,25,64.0,0.0546,0.0002,0.0004,0.0
Fresno_CA,25,inf,0.0331,0.0,0.033,0.0
Fresno_CA,50,8.0,0.0557,0.0002,0.0001,0.0
Fresno_CA,50,16.0,0.0549,0.0,0.0001,0.0
Fresno_CA,50,32.0,0.0538,0.0008,0.0002,0.0
Fresno_CA,50,64.0,0.0546,0.0004,0.0003,0.0
Fresno_CA,50,inf,0.0324,0.0,0.0323,0.0
Fairbanks_AK,25,8.0,0.0629,0.0004,0.0001,0.0
Fairbanks_AK,25,16.0,0.0616,0.0,0.0001,0.0
Fairbanks_AK,25,32.0,0.0615,0.0,0.0002,0.0
Fairbanks_AK,25,64.0,0.0618,0.0,0.0004,0.0
Fairbanks_AK,25,inf,0.0397,0.0001,0.0396,0.0001
Fairbanks_AK,50,8.0,0.0625,0.0005,0.0001,0.0
Fairbanks_AK,50,16.0,0.0604,0.0001,0.0001,0.0
Fairbanks_AK,50,32.0,0.0624,0.0001,0.0002,0.0
Fairbanks_AK,50,64.0,0.0618,0.0001,0.0004,0.0
Fairbanks_AK,50,inf,0.0388,0.0,0.0388,0.0
Memphis_TN,25,8.0,0.1162,0.0,0.0001,0.0
Memphis_TN,25,16.0,0.1119,0.0002,0.0001,0.0
Memphis_TN,25,32.0,0.1103,0.0001,0.0002,0.0
Memphis_TN,25,64.0,0.1147,0.0,0.0003,0.0
Memphis_TN,25,inf,0.0637,0.0001,0.0636,0.0001
Memphis_TN,50,8.0,0.1123,0.0002,0.0001,0.0
Memphis_TN,50,16.0,0.1119,0.0015,0.0001,0.0
Memphis_TN,50,32.0,0.1106,0.0001,0.0002,0.0
Memphis_TN,50,64.0,0.1164,0.0012,0.0004,0.0
Memphis_TN,50,inf,0.0638,0.0001,0.0637,0.0001
SandySprings_GA,25,8.0,0.0484,0.0001,0.0001,0.0
SandySprings_GA,25,16.0,0.0467,0.0,0.0001,0.0
SandySprings_GA,25,32.0,0.0479,0.0,0.0002,0.0
SandySprings_GA,25,64.0,0.0487,0.0001,0.0004,0.0
SandySprings_GA,25,inf,0.0246,0.0001,0.0245,0.0001
SandySprings_GA,50,8.0,0.0479,0.0001,0.0001,0.0
SandySprings_GA,50,16.0,0.0475,0.0,0.0001,0.0
SandySprings_GA,50,32.0,0.0484,0.0,0.0002,0.0
SandySprings_GA,50,64.0,0.0488,0.0001,0.0003,0.0
SandySprings_GA,50,inf,0.0243,0.0001,0.0243,0.0001
Irvine_CA,25,8.0,0.1111,0.0048,0.0001,0.0
Irvine_CA,25,16.0,0.1141,0.0013,0.0001,0.0
Irvine_CA,25,32.0,0.1115,0.0003,0.0002,0.0
Irvine_CA,25,64.0,0.1099,0.0003,0.0004,0.0
Irvine_CA,25,inf,0.0628,0.0003,0.0627,0.0004
Irvine_CA,50,8.0,0.1124,0.0004,0.0001,0.0
Irvine_CA,50,16.0,0.1116,0.0004,0.0001,0.0
Irvine_CA,50,32.0,0.1159,0.0018,0.0002,0.0
Irvine_CA,50,64.0,0.1108,0.0003,0.0004,0.0
Irvine_CA,50,inf,0.0626,0.0001,0.0625,0.0001
Charlotte_NC,25,8.0,0.275,0.0004,0.0001,0.0
Charlotte_NC,25,16.0,0.2609,0.0004,0.0001,0.0
Charlotte_NC,25,32.0,0.2751,0.0004,0.0002,0.0
Charlotte_NC,25,64.0,0.266,0.0007,0.0004,0.0
Charlotte_NC,25,inf,0.1375,0.0003,0.1374,0.0003
Charlotte_NC,50,8.0,0.2755,0.0005,0.0001,0.0
Charlotte_NC,50,16.0,0.2616,0.0004,0.0001,0.0
Charlotte_NC,50,32.0,0.2617,0.0007,0.0002,0.0
Charlotte_NC,50,64.0,0.2692,0.0039,0.0003,0.0
Charlotte_NC,50,inf,0.139,0.0005,0.1389,0.0005
Rosemead_CA,25,8.0,0.051,0.0001,0.0001,0.0
Rosemead_CA,25,16.0,0.0481,0.0002,0.0001,0.0
Rosemead_CA,25,32.0,0.0489,0.0001,0.0002,0.0
Rosemead_CA,25,64.0,0.0492,0.0002,0.0004,0.0
Rosemead_CA,25,inf,0.0315,0.0001,0.0314,0.0001
Rosemead_CA,50,8.0,0.0492,0.0002,0.0001,0.0
Rosemead_CA,50,16.0,0.0483,0.0002,0.0001,0.0
Rosemead_CA,50,32.0,0.0493,0.0001,0.0002,0.0
Rosemead_CA,50,64.0,0.0513,0.0001,0.0003,0.0
Rosemead_CA,50,inf,0.0307,0.0001,0.0306,0.0001
Marietta_GA,25,8.0,0.0197,0.0,0.0001,0.0
Marietta_GA,25,16.0,0.0194,0.0001,0.0001,0.0
Marietta_GA,25,32.0,0.0196,0.0001,0.0002,0.0
Marietta_GA,25,64.0,0.0199,0.0001,0.0004,0.0
Marietta_GA,25,inf,0.0124,0.0,0.0123,0.0
Marietta_GA,50,8.0,0.0201,0.0001,0.0001,0.0
Marietta_GA,50,16.0,0.0196,0.0,0.0001,0.0
Marietta_GA,50,32.0,0.0198,0.0001,0.0002,0.0
Marietta_GA,50,64.0,0.0207,0.0001,0.0003,0.0
Marietta_GA,50,inf,0.0122,0.0,0.0122,0.0
Phoenix_AZ,25,8.0,0.2741,0.0003,0.0001,0.0
Phoenix_AZ,25,16.0,0.2647,0.0006,0.0001,0.0
Phoenix_AZ,25,32.0,0.2722,0.0006,0.0002,0.0
Phoenix_AZ,25,64.0,0.2742,0.0005,0.0004,0.0
Phoenix_AZ,25,inf,0.1406,0.0005,0.1405,0.0005
Phoenix_AZ,50,8.0,0.2749,0.001,0.0001,0.0
Phoenix_AZ,50,16.0,0.2592,0.0005,0.0001,0.0
Phoenix_AZ,50,32.0,0.2599,0.0008,0.0002,0.0
Phoenix_AZ,50,64.0,0.2644,0.0006,0.0004,0.0
Phoenix_AZ,50,inf,0.1409,0.0006,0.1409,0.0006
Roswell_GA,25,8.0,0.0228,0.0,0.0001,0.0
Roswell_GA,25,16.0,0.0223,0.0001,0.0001,0.0
Roswell_GA,25,32.0,0.0224,0.0,0.0002,0.0
Roswell_GA,25,64.0,0.0229,0.0001,0.0003,0.0
Roswell_GA,25,inf,0.0132,0.0,0.0132,0.0
Roswell_GA,50,8.0,0.0225,0.0,0.0001,0.0
Roswell_GA,50,16.0,0.0231,0.0001,0.0001,0.0
Roswell_GA,50,32.0,0.023,0.0001,0.0002,0.0
Roswell_GA,50,64.0,0.0236,0.0,0.0003,0.0
Roswell_GA,50,inf,0.0123,0.0,0.0123,0.0
SanJose_CA,25,8.0,0.3026,0.001,0.0001,0.0
SanJose_CA,25,16.0,0.3008,0.0004,0.0001,0.0
SanJose_CA,25,32.0,0.3027,0.001,0.0002,0.0
SanJose_CA,25,64.0,0.2911,0.0007,0.0004,0.0
SanJose_CA,25,inf,0.1621,0.0003,0.162,0.0003
SanJose_CA,50,8.0,0.3033,0.0005,0.0001,0.0
SanJose_CA,50,16.0,0.2862,0.0006,0.0001,0.0
SanJose_CA,50,32.0,0.2871,0.0009,0.0002,0.0
SanJose_CA,50,64.0,0.2976,0.0006,0.0004,0.0
SanJose_CA,50,inf,0.1638,0.0003,0.1637,0.0003
Irving_TX,25,8.0,0.0276,0.0001,0.0001,0.0
Irving_TX,25,16.0,0.0269,0.0004,0.0001,0.0
Irving_TX,25,32.0,0.0266,0.0,0.0002,0.0
Irving_TX,25,64.0,0.0268,0.0,0.0003,0.0
Irving_TX,25,inf,0.017,0.0,0.017,0.0
Irving_TX,50,8.0,0.0274,0.0,0.0001,0.0
Irving_TX,50,16.0,0.0273,0.0005,0.0001,0.0
Irving_TX,50,32.0,0.0277,0.0001,0.0002,0.0
Irving_TX,50,64.0,0.0278,0.0002,0.0003,0.0
Irving_TX,50,inf,0.0173,0.0,0.0173,0.0
Cumberland_GA,25,8.0,0.0092,0.0002,0.0001,0.0
Cumberland_GA,25,16.0,0.0091,0.0002,0.0001,0.0
Cumberland_GA,25,32.0,0.0091,0.0,0.0002,0.0
Cumberland_GA,25,64.0,0.0094,0.0,0.0003,0.0
Cumberland_GA,25,inf,0.0048,0.0,0.0048,0.0
Cumberland_GA,50,8.0,0.009,0.0001,0.0001,0.0
Cumberland_GA,50,16.0,0.0089,0.0001,0.0001,0.0
Cumberland_GA,50,32.0,0.009,0.0,0.0002,0.0
Cumberland_GA,50,64.0,0.0091,0.0,0.0003,0.0
Cumberland_GA,50,inf,0.0045,0.0001,0.0045,0.0001
Madison_GA,25,8.0,0.0183,0.0,0.0001,0.0
Madison_GA,25,16.0,0.0176,0.0001,0.0001,0.0
Madison_GA,25,32.0,0.0182,0.0,0.0002,0.0
Madison_GA,25,64.0,0.0183,0.0,0.0003,0.0
Madison_GA,25,inf,0.0109,0.0,0.0109,0.0
Madison_GA,50,8.0,0.0187,0.0,0.0001,0.0
Madison_GA,50,16.0,0.0181,0.0,0.0001,0.0
Madison_GA,50,32.0,0.018,0.0001,0.0002,0.0
Madison_GA,50,64.0,0.019,0.0,0.0003,0.0
Madison_GA,50,inf,0.0105,0.0,0.0105,0.0
JohnsCreek_GA,25,8.0,0.0161,0.0,0.0001,0.0
JohnsCreek_GA,25,16.0,0.0152,0.0,0.0001,0.0
JohnsCreek_GA,25,32.0,0.0155,0.0003,0.0002,0.0
JohnsCreek_GA,25,64.0,0.0162,0.0002,0.0003,0.0
JohnsCreek_GA,25,inf,0.0103,0.0001,0.0103,0.0001
JohnsCreek_GA,50,8.0,0.0148,0.0,0.0001,0.0
JohnsCreek_GA,50,16.0,0.0151,0.0,0.0001,0.0
JohnsCreek_GA,50,32.0,0.0152,0.0001,0.0002,0.0
JohnsCreek_GA,50,64.0,0.0159,0.0001,0.0003,0.0
JohnsCreek_GA,50,inf,0.0099,0.0001,0.0099,0.0001
Upton_NY,25,8.0,0.001,0.0,0.0,0.0
Upton_NY,25,16.0,0.001,0.0,0.0,0.0
Upton_NY,25,32.0,0.0011,0.0,0.0001,0.0
Upton_NY,25,64.0,0.0011,0.0,0.0001,0.0
Upton_NY,25,inf,0.0008,0.0,0.0008,0.0
Upton_NY,50,8.0,0.0009,0.0,0.0,0.0
Upton_NY,50,16.0,0.0009,0.0,0.0,0.0
Upton_NY,50,32.0,0.0009,0.0,0.0001,0.0
Upton_NY,50,64.0,0.0011,0.0,0.0001,0.0
Upton_NY,50,inf,0.0008,0.0,0.0008,0.0
StAugustine_FL,25,8.0,0.0438,0.0003,0.0001,0.0
StAugustine_FL,25,16.0,0.0431,0.0,0.0001,0.0
StAugustine_FL,25,32.0,0.042,0.0,0.0002,0.0
StAugustine_FL,25,64.0,0.0424,0.0,0.0003,0.0
StAugustine_FL,25,inf,0.0212,0.0,0.0212,0.0
StAugustine_FL,50,8.0,0.0432,0.0,0.0001,0.0
StAugustine_FL,50,16.0,0.0426,0.0,0.0001,0.0
StAugustine_FL,50,32.0,0.0437,0.0,0.0002,0.0
StAugustine_FL,50,64.0,0.0432,0.0,0.0003,0.0
StAugustine_FL,50,inf,0.0195,0.0,0.0194,0.0
Los_Alamos_NM,25,8.0,0.0606,0.0001,0.0001,0.0
Los_Alamos_NM,25,16.0,0.0599,0.0001,0.0001,0.0
Los_Alamos_NM,25,32.0,0.0574,0.0,0.0002,0.0
Los_Alamos_NM,25,64.0,0.0601,0.0001,0.0003,0.0
Los_Alamos_NM,25,inf,0.0361,0.0,0.036,0.0
Los_Alamos_NM,50,8.0,0.0603,0.0002,0.0001,0.0
Los_Alamos_NM,50,16.0,0.0604,0.0,0.0001,0.0
Los_Alamos_NM,50,32.0,0.0605,0.0001,0.0002,0.0
Los_Alamos_NM,50,64.0,0.0581,0.0003,0.0003,0.0
Los_Alamos_NM,50,inf,0.035,0.0002,0.0349,0.0002
Mulberry_FL,25,8.0,0.0212,0.0002,0.0001,0.0
Mulberry_FL,25,16.0,0.0217,0.0,0.0001,0.0
Mulberry_FL,25,32.0,0.022,0.0,0.0002,0.0
Mulberry_FL,25,64.0,0.0223,0.0,0.0003,0.0
Mulberry_FL,25,inf,0.015,0.0,0.0149,0.0
Mulberry_FL,50,8.0,0.0208,0.0003,0.0001,0.0
Mulberry_FL,50,16.0,0.0209,0.0001,0.0001,0.0
Mulberry_FL,50,32.0,0.0216,0.0,0.0002,0.0
Mulberry_FL,50,64.0,0.0213,0.0001,0.0003,0.0
Mulberry_FL,50,inf,0.0141,0.0,0.0141,0.0
VirginiaBeach_VA,25,8.0,0.1841,0.0005,0.0001,0.0
VirginiaBeach_VA,25,16.0,0.1795,0.0008,0.0001,0.0
VirginiaBeach_VA,25,32.0,0.1831,0.0009,0.0002,0.0
VirginiaBeach_VA,25,64.0,0.1748,0.0002,0.0004,0.0
VirginiaBeach_VA,25,inf,0.0854,0.0,0.0853,0.0
VirginiaBeach_VA,50,8.0,0.1838,0.0006,0.0001,0.0
VirginiaBeach_VA,50,16.0,0.1839,0.0005,0.0001,0.0
VirginiaBeach_VA,50,32.0,0.1771,0.0026,0.0002,0.0
VirginiaBeach_VA,50,64.0,0.1793,0.0002,0.0003,0.0
VirginiaBeach_VA,50,inf,0.0843,0.0001,0.0842,0.0001
Golden_CO,25,8.0,0.0455,0.0,0.0001,0.0
Golden_CO,25,16.0,0.0454,0.0002,0.0001,0.0
Golden_CO,25,32.0,0.0454,0.0001,0.0002,0.0
Golden_CO,25,64.0,0.0458,0.0001,0.0004,0.0
Golden_CO,25,inf,0.0257,0.0001,0.0257,0.0001
Golden_CO,50,8.0,0.0457,0.0001,0.0001,0.0
Golden_CO,50,16.0,0.0441,0.0007,0.0001,0.0
Golden_CO,50,32.0,0.0437,0.0001,0.0002,0.0
Golden_CO,50,64.0,0.0462,0.0002,0.0003,0.0
Golden_CO,50,inf,0.0251,0.0001,0.0251,0.0001
Erie_PA,25,8.0,0.0557,0.0001,0.0001,0.0
Erie_PA,25,16.0,0.0538,0.0002,0.0001,0.0
Erie_PA,25,32.0,0.0557,0.0003,0.0002,0.0
Erie_PA,25,64.0,0.0536,0.0001,0.0004,0.0
Erie_PA,25,inf,0.0334,0.0,0.0333,0.0
Erie_PA,50,8.0,0.0557,0.0001,0.0001,0.0
Erie_PA,50,16.0,0.0532,0.0001,0.0001,0.0
Erie_PA,50,32.0,0.0541,0.0002,0.0002,0.0
Erie_PA,50,64.0,0.0542,0.0001,0.0003,0.0
Erie_PA,50,inf,0.0324,0.0,0.0324,0.0
Dallas_TX,25,8.0,0.1541,0.0001,0.0001,0.0
Dallas_TX,25,16.0,0.1528,0.0001,0.0001,0.0
Dallas_TX,25,32.0,0.1487,0.0002,0.0002,0.0
Dallas_TX,25,64.0,0.1463,0.0001,0.0003,0.0
Dallas_TX,25,inf,0.0786,0.0001,0.0786,0.0001
Dallas_TX,50,8.0,0.1486,0.0001,0.0001,0.0
Dallas_TX,50,16.0,0.1482,0.0003,0.0001,0.0
Dallas_TX,50,32.0,0.1453,0.0001,0.0002,0.0
Dallas_TX,50,64.0,0.1472,0.0002,0.0004,0.0
Dallas_TX,50,inf,0.0772,0.0002,0.0771,0.0002
Boulder_CO,25,8.0,0.1088,0.0,0.0001,0.0
Boulder_CO,25,16.0,0.1042,0.0001,0.0001,0.0
Boulder_CO,25,32.0,0.1081,0.0009,0.0002,0.0
Boulder_CO,25,64.0,0.1086,0.0001,0.0004,0.0
Boulder_CO,25,inf,0.0599,0.0001,0.0598,0.0001
Boulder_CO,50,8.0,0.1047,0.0001,0.0001,0.0
Boulder_CO,50,16.0,0.1069,0.0001,0.0001,0.0
Boulder_CO,50,32.0,0.1089,0.0003,0.0002,0.0
Boulder_CO,50,64.0,0.1086,0.0002,0.0004,0.0
Boulder_CO,50,inf,0.0583,0.0001,0.0583,0.0001
Berkeley_CA,25,8.0,0.1006,0.0001,0.0001,0.0
Berkeley_CA,25,16.0,0.1036,0.0007,0.0001,0.0
Berkeley_CA,25,32.0,0.1008,0.0003,0.0002,0.0
Berkeley_CA,25,64.0,0.1006,0.0002,0.0004,0.0
Berkeley_CA,25,inf,0.0527,0.0002,0.0527,0.0002
Berkeley_CA,50,8.0,0.104,0.0001,0.0001,0.0
Berkeley_CA,50,16.0,0.1037,0.0002,0.0001,0.0
Berkeley_CA,50,32.0,0.1041,0.0001,0.0002,0.0
Berkeley_CA,50,64.0,0.1049,0.0003,0.0004,0.0
Berkeley_CA,50,inf,0.0514,0.0003,0.0514,0.0003
Decatur_GA,25,8.0,0.0372,0.0006,0.0001,0.0
Decatur_GA,25,16.0,0.0373,0.0001,0.0001,0.0
Decatur_GA,25,32.0,0.0382,0.0003,0.0002,0.0
Decatur_GA,25,64.0,0.0366,0.0002,0.0003,0.0
Decatur_GA,25,inf,0.0206,0.0001,0.0205,0.0001
Decatur_GA,50,8.0,0.0364,0.0002,0.0001,0.0
Decatur_GA,50,16.0,0.0363,0.0005,0.0001,0.0
Decatur_GA,50,32.0,0.037,0.0007,0.0002,0.0
Decatur_GA,50,64.0,0.0368,0.0,0.0003,0.0
Decatur_GA,50,inf,0.0198,0.0001,0.0198,0.0001
Jacksonville_FL,25,8.0,0.1509,0.0005,0.0001,0.0001
Jacksonville_FL,25,16.0,0.148,0.0004,0.0001,0.0
Jacksonville_FL,25,32.0,0.1462,0.0002,0.0002,0.0
Jacksonville_FL,25,64.0,0.1455,0.0002,0.0004,0.0
Jacksonville_FL,25,inf,0.0749,0.0001,0.0749,0.0001
Jacksonville_FL,50,8.0,0.1445,0.0005,0.0001,0.0
Jacksonville_FL,50,16.0,0.1441,0.0018,0.0001,0.0
Jacksonville_FL,50,32.0,0.1415,0.0001,0.0002,0.0
Jacksonville_FL,50,64.0,0.1437,0.0,0.0003,0.0
Jacksonville_FL,50,inf,0.0744,0.0001,0.0744,0.0001
Albany_GA,25,8.0,0.0464,0.0004,0.0001,0.0
Albany_GA,25,16.0,0.0467,0.0003,0.0001,0.0
Albany_GA,25,32.0,0.047,0.0001,0.0002,0.0
Albany_GA,25,64.0,0.0467,0.0,0.0004,0.0
Albany_GA,25,inf,0.0254,0.0,0.0254,0.0
Albany_GA,50,8.0,0.0457,0.0,0.0001,0.0
Albany_GA,50,16.0,0.0453,0.0,0.0001,0.0
Albany_GA,50,32.0,0.0477,0.0001,0.0002,0.0
Albany_GA,50,64.0,0.0454,0.0001,0.0004,0.0
Albany_GA,50,inf,0.0244,0.0,0.0243,0.0
Miami_FL,25,8.0,0.0944,0.0015,0.0001,0.0
Miami_FL,25,16.0,0.0948,0.0004,0.0001,0.0
Miami_FL,25,32.0,0.0976,0.0,0.0002,0.0
Miami_FL,25,64.0,0.0964,0.0002,0.0004,0.0
Miami_FL,25,inf,0.0494,0.0,0.0493,0.0
Miami_FL,50,8.0,0.0954,0.0001,0.0001,0.0
Miami_FL,50,16.0,0.094,0.0001,0.0001,0.0
Miami_FL,50,32.0,0.0977,0.0,0.0002,0.0
Miami_FL,50,64.0,0.0979,0.0,0.0004,0.0
Miami_FL,50,inf,0.0486,0.0001,0.0486,0.0001
Chicago_IL,25,8.0,0.242,0.0002,0.0001,0.0
Chicago_IL,25,16.0,0.2385,0.0002,0.0001,0.0
Chicago_IL,25,32.0,0.2339,0.0005,0.0002,0.0
Chicago_IL,25,64.0,0.2346,0.0002,0.0004,0.0
Chicago_IL,25,inf,0.1267,0.0002,0.1266,0.0002
Chicago_IL,50,8.0,0.2507,0.0001,0.0001,0.0
Chicago_IL,50,16.0,0.2563,0.0041,0.0001,0.0
Chicago_IL,50,32.0,0.2509,0.0005,0.0002,0.0
Chicago_IL,50,64.0,0.2513,0.0005,0.0003,0.0
Chicago_IL,50,inf,0.1327,0.0002,0.1326,0.0002
Dublin_CA,25,8.0,0.0216,0.0,0.0001,0.0
Dublin_CA,25,16.0,0.0213,0.0,0.0001,0.0
Dublin_CA,25,32.0,0.0223,0.0001,0.0002,0.0
Dublin_CA,25,64.0,0.0217,0.0,0.0003,0.0
Dublin_CA,25,inf,0.0142,0.0001,0.0142,0.0001
Dublin_CA,50,8.0,0.022,0.0,0.0001,0.0
Dublin_CA,50,16.0,0.0219,0.0,0.0001,0.0
Dublin_CA,50,32.0,0.0221,0.0,0.0002,0.0
Dublin_CA,50,64.0,0.0223,0.0001,0.0003,0.0
Dublin_CA,50,inf,0.0135,0.0001,0.0134,0.0001
Denver_CO,25,8.0,0.1175,0.0001,0.0001,0.0
Denver_CO,25,16.0,0.1119,0.0001,0.0001,0.0
Denver_CO,25,32.0,0.1178,0.0002,0.0002,0.0
Denver_CO,25,64.0,0.112,0.0001,0.0004,0.0
Denver_CO,25,inf,0.0635,0.0001,0.0634,0.0001
Denver_CO,50,8.0,0.117,0.0001,0.0001,0.0
Denver_CO,50,16.0,0.1171,0.0002,0.0001,0.0
Denver_CO,50,32.0,0.1173,0.0001,0.0002,0.0
Denver_CO,50,64.0,0.1126,0.0008,0.0004,0.0
Denver_CO,50,inf,0.0633,0.0004,0.0633,0.0004
Valdosta_GA,25,8.0,0.0295,0.0004,0.0001,0.0
Valdosta_GA,25,16.0,0.0298,0.0,0.0001,0.0
Valdosta_GA,25,32.0,0.0294,0.0001,0.0002,0.0
Valdosta_GA,25,64.0,0.0302,0.0,0.0004,0.0
Valdosta_GA,25,inf,0.0178,0.0,0.0177,0.0
Valdosta_GA,50,8.0,0.0286,0.0001,0.0001,0.0
Valdosta_GA,50,16.0,0.0284,0.0,0.0001,0.0
Valdosta_GA,50,32.0,0.029,0.0001,0.0002,0.0
Valdosta_GA,50,64.0,0.0286,0.0001,0.0004,0.0
Valdosta_GA,50,inf,0.0176,0.0001,0.0176,0.0001
Richmond_VA,25,8.0,0.1693,0.0003,0.0001,0.0
Richmond_VA,25,16.0,0.1608,0.0003,0.0001,0.0
Richmond_VA,25,32.0,0.1657,0.0028,0.0002,0.0
Richmond_VA,25,64.0,0.1677,0.0002,0.0004,0.0
Richmond_VA,25,inf,0.0828,0.0004,0.0827,0.0004
Richmond_VA,50,8.0,0.1738,0.0003,0.0001,0.0
Richmond_VA,50,16.0,0.1714,0.0002,0.0001,0.0
Richmond_VA,50,32.0,0.1747,0.0002,0.0002,0.0
Richmond_VA,50,64.0,0.1682,0.0003,0.0003,0.0
Richmond_VA,50,inf,0.0833,0.0003,0.0832,0.0003
Boston_MA,25,8.0,0.0986,0.0001,0.0001,0.0
Boston_MA,25,16.0,0.0941,0.0002,0.0001,0.0
Boston_MA,25,32.0,0.0982,0.0005,0.0002,0.0
Boston_MA,25,64.0,0.0974,0.0018,0.0003,0.0
Boston_MA,25,inf,0.0438,0.0001,0.0437,0.0001
Boston_MA,50,8.0,0.0981,0.0001,0.0001,0.0
Boston_MA,50,16.0,0.0961,0.0002,0.0001,0.0
Boston_MA,50,32.0,0.0944,0.0002,0.0002,0.0
Boston_MA,50,64.0,0.0978,0.0012,0.0003,0.0
Boston_MA,50,inf,0.0411,0.0001,0.0411,0.0001
Nashville_TN,25,8.0,0.1176,0.0003,0.0001,0.0
Nashville_TN,25,16.0,0.1159,0.0004,0.0001,0.0
Nashville_TN,25,32.0,0.1163,0.0004,0.0002,0.0
Nashville_TN,25,64.0,0.1179,0.0001,0.0003,0.0
Nashville_TN,25,inf,0.0625,0.0003,0.0625,0.0003
Nashville_TN,50,8.0,0.1164,0.0003,0.0001,0.0
Nashville_TN,50,16.0,0.1175,0.0004,0.0001,0.0
Nashville_TN,50,32.0,0.1114,0.0002,0.0002,0.0
Nashville_TN,50,64.0,0.1166,0.0013,0.0003,0.0
Nashville_TN,50,inf,0.0607,0.0003,0.0606,0.0003
Athens_GA,25,8.0,0.037,0.0001,0.0001,0.0
Athens_GA,25,16.0,0.0357,0.0006,0.0001,0.0
Athens_GA,25,32.0,0.0369,0.0003,0.0002,0.0
Athens_GA,25,64.0,0.0373,0.0,0.0003,0.0
Athens_GA,25,inf,0.0193,0.0,0.0193,0.0
Athens_GA,50,8.0,0.0365,0.0,0.0001,0.0
Athens_GA,50,16.0,0.0354,0.0001,0.0001,0.0
Athens_GA,50,32.0,0.035,0.0003,0.0002,0.0
Athens_GA,50,64.0,0.0351,0.0,0.0003,0.0
Athens_GA,50,inf,0.0196,0.0,0.0195,0.0
Philadelphia_PA,25,8.0,0.1509,0.0,0.0001,0.0
Philadelphia_PA,25,16.0,0.1487,0.0001,0.0001,0.0
Philadelphia_PA,25,32.0,0.1435,0.0001,0.0002,0.0
Philadelphia_PA,25,64.0,0.146,0.0001,0.0004,0.0
Philadelphia_PA,25,inf,0.0764,0.0001,0.0764,0.0001
Philadelphia_PA,50,8.0,0.1506,0.0001,0.0001,0.0
Philadelphia_PA,50,16.0,0.1451,0.0001,0.0001,0.0
Philadelphia_PA,50,32.0,0.1483,0.0001,0.0002,0.0
Philadelphia_PA,50,64.0,0.1454,0.0001,0.0004,0.0
Philadelphia_PA,50,inf,0.0772,0.0002,0.0771,0.0002
Cleveland_OH,25,8.0,0.3025,0.0002,0.0001,0.0
Cleveland_OH,25,16.0,0.3023,0.0017,0.0001,0.0
Cleveland_OH,25,32.0,0.3039,0.0009,0.0002,0.0
Cleveland_OH,25,64.0,0.2983,0.0001,0.0004,0.0
Cleveland_OH,25,inf,0.1707,0.0005,0.1705,0.0005
Cleveland_OH,50,8.0,0.3142,0.0004,0.0001,0.0
Cleveland_OH,50,16.0,0.3111,0.0007,0.0001,0.0
Cleveland_OH,50,32.0,0.3091,0.0003,0.0002,0.0
Cleveland_OH,50,64.0,0.3148,0.0005,0.0004,0.0
Cleveland_OH,50,inf,0.166,0.0002,0.1659,0.0002
Pittsburg_PA,25,8.0,0.0001,0.0,0.0,0.0
Pittsburg_PA,25,16.0,0.0001,0.0,0.0,0.0
Pittsburg_PA,25,32.0,0.0001,0.0,0.0,0.0
Pittsburg_PA,25,64.0,0.0001,0.0,0.0,0.0
Pittsburg_PA,25,inf,0.0,0.0,0.0,0.0
Pittsburg_PA,50,8.0,0.0,0.0,0.0,0.0
Pittsburg_PA,50,16.0,0.0,0.0,0.0,0.0
Pittsburg_PA,50,32.0,0.0,0.0,0.0,0.0
Pittsburg_PA,50,64.0,0.0,0.0,0.0,0.0
Pittsburg_PA,50,inf,0.0,0.0,0.0,0.0
Detroit_MI,25,8.0,0.1474,0.0005,0.0001,0.0
Detroit_MI,25,16.0,0.1408,0.0004,0.0001,0.0
Detroit_MI,25,32.0,0.1397,0.0006,0.0002,0.0
Detroit_MI,25,64.0,0.1396,0.0002,0.0004,0.0
Detroit_MI,25,inf,0.074,0.0001,0.0739,0.0001
Detroit_MI,50,8.0,0.1474,0.0005,0.0001,0.0
Detroit_MI,50,16.0,0.1439,0.0002,0.0001,0.0
Detroit_MI,50,32.0,0.1465,0.0002,0.0002,0.0
Detroit_MI,50,64.0,0.1393,0.0001,0.0004,0.0
Detroit_MI,50,inf,0.0736,0.0001,0.0736,0.0001
Alpharetta_GA,25,8.0,0.043,0.0003,0.0001,0.0
Alpharetta_GA,25,16.0,0.0415,0.0006,0.0001,0.0
Alpharetta_GA,25,32.0,0.0407,0.0,0.0002,0.0
Alpharetta_GA,25,64.0,0.0409,0.0,0.0003,0.0
Alpharetta_GA,25,inf,0.0209,0.0,0.0208,0.0
Alpharetta_GA,50,8.0,0.0422,0.0003,0.0001,0.0
Alpharetta_GA,50,16.0,0.0406,0.0001,0.0001,0.0
Alpharetta_GA,50,32.0,0.0421,0.0001,0.0002,0.0
Alpharetta_GA,50,64.0,0.0412,0.0001,0.0003,0.0
Alpharetta_GA,50,inf,0.0199,0.0,0.0198,0.0
Gainsville_FL,25,8.0,0.0524,0.0002,0.0001,0.0
Gainsville_FL,25,16.0,0.049,0.0001,0.0001,0.0
Gainsville_FL,25,32.0,0.0507,0.0001,0.0002,0.0
Gainsville_FL,25,64.0,0.051,0.0001,0.0004,0.0
Gainsville_FL,25,inf,0.0349,0.0,0.0348,0.0
Gainsville_FL,50,8.0,0.0515,0.0,0.0001,0.0
Gainsville_FL,50,16.0,0.0494,0.0001,0.0001,0.0
Gainsville_FL,50,32.0,0.0517,0.0003,0.0002,0.0
Gainsville_FL,50,64.0,0.0499,0.0001,0.0004,0.0
Gainsville_FL,50,inf,0.0363,0.0003,0.0362,0.0003
Baltimore_MD,25,8.0,0.4011,0.0004,0.0001,0.0
Baltimore_MD,25,16.0,0.3861,0.0004,0.0001,0.0
Baltimore_MD,25,32.0,0.3818,0.0009,0.0002,0.0
Baltimore_MD,25,64.0,0.3827,0.0016,0.0004,0.0
Baltimore_MD,25,inf,0.2041,0.0006,0.204,0.0006
Baltimore_MD,50,8.0,0.3866,0.0005,0.0001,0.0
Baltimore_MD,50,16.0,0.387,0.0008,0.0001,0.0
Baltimore_MD,50,32.0,0.3894,0.0066,0.0002,0.0
Baltimore_MD,50,64.0,0.3963,0.0012,0.0004,0.0
Baltimore_MD,50,inf,0.2045,0.0008,0.2044,0.0009
